Loss_Entrenamiento,Loss_Predicción
0.36592045426368713,0.3613046407699585
0.18580898642539978,0.18278440833091736
